Timestamp,gender,age,This avatar looks attractive.,This avatar looks strong.,This avatar looks intelligent.,This avatar looks intimidating.,This avatar looks attractive.,This avatar looks strong.,This avatar looks intelligent.,This avatar looks intimidating.,This avatar looks attractive.,This avatar looks strong.,This avatar looks intelligent.,This avatar looks intimidating.,This avatar looks attractive.,This avatar looks strong.,This avatar looks intelligent.,This avatar looks intimidating.,This avatar looks attractive.,This avatar looks strong.,This avatar looks intelligent.,This avatar looks intimidating.,This avatar looks attractive.,This avatar looks strong.,This avatar looks intelligent.,This avatar looks intimidating.,This avatar looks attractive.,This avatar looks strong.,This avatar looks intelligent.,This avatar looks intimidating.,This avatar looks attractive.,This avatar looks strong.,This avatar looks intelligent.,This avatar looks intimidating.,This avatar looks attractive.,This avatar looks strong.,This avatar looks intelligent.,This avatar looks intimidating.,This avatar looks attractive.,This avatar looks strong.,This avatar looks intelligent.,This avatar looks intimidating.,This avatar looks attractive.,This avatar looks strong.,This avatar looks intelligent.,This avatar looks intimidating.,This avatar looks attractive.,This avatar looks strong.,This avatar looks intelligent.,This avatar looks intimidating.,This avatar looks attractive.,This avatar looks strong.,This avatar looks intelligent.,This avatar looks intimidating.,This avatar looks attractive.,This avatar looks strong.,This avatar looks intelligent.,This avatar looks intimidating.,This avatar looks attractive.,This avatar looks strong.,This avatar looks intelligent.,This avatar looks intimidating.,This avatar looks attractive.,This avatar looks strong.,This avatar looks intelligent.,This avatar looks intimidating.,This avatar looks attractive.,This avatar looks strong.,This avatar looks intelligent.,This avatar looks intimidating.,This avatar looks attractive.,This avatar looks strong.,This avatar looks intelligent.,This avatar looks intimidating.,This avatar looks attractive.,This avatar looks strong.,This avatar looks intelligent.,This avatar looks intimidating.,This avatar looks attractive.,This avatar looks strong.,This avatar looks intelligent.,This avatar looks intimidating.,This avatar looks attractive.,This avatar looks strong.,This avatar looks intelligent.,This avatar looks intimidating.,This avatar looks attractive.,This avatar looks strong.,This avatar looks intelligent.,This avatar looks intimidating.,This avatar looks attractive.,This avatar looks strong.,This avatar looks intelligent.,This avatar looks intimidating.,This avatar looks attractive.,This avatar looks strong.,This avatar looks intelligent.,This avatar looks intimidating.,This avatar looks attractive.,This avatar looks strong.,This avatar looks intelligent.,This avatar looks intimidating.,This avatar looks attractive.,This avatar looks strong.,This avatar looks intelligent.,This avatar looks intimidating.,This avatar looks attractive.,This avatar looks strong.,This avatar looks intelligent.,This avatar looks intimidating.,This avatar looks attractive.,This avatar looks strong.,This avatar looks intelligent.,This avatar looks intimidating.,This avatar looks attractive.,This avatar looks strong.,This avatar looks intelligent.,This avatar looks intimidating.,This avatar looks attractive.,This avatar looks strong.,This avatar looks intelligent.,This avatar looks intimidating.,This avatar looks attractive.,This avatar looks strong.,This avatar looks intelligent.,This avatar looks intimidating.,This avatar looks attractive.,This avatar looks strong.,This avatar looks intelligent.,This avatar looks intimidating.,This avatar looks attractive.,This avatar looks strong.,This avatar looks intelligent.,This avatar looks intimidating.,This avatar looks attractive.,This avatar looks strong.,This avatar looks intelligent.,This avatar looks intimidating.,This avatar looks attractive.,This avatar looks strong.,This avatar looks intelligent.,This avatar looks intimidating.,This avatar looks attractive.,This avatar looks strong.,This avatar looks intelligent.,This avatar looks intimidating.
,,,,,,,,,,,,,,,,,,,,,,,,,,,,,,,,,,,,,,,,,,,,,,,,,,,,,,,,,,,,,,,,,,,,,,,,,,,,,,,,,,,,,,,,,,,,,,,,,,,,,,,,,,,,,,,,,,,,,,,,,,,,,,,,,,,,,,,,,,,,,,,,,,
,,,,,,,,,,,,,,,,,,,,,,,,,,,,,,,,,,,,,,,,,,,,,,,,,,,,,,,,,,,,,,,,,,,,,,,,,,,,,,,,,,,,,,,,,,,,,,,,,,,,,,,,,,,,,,,,,,,,,,,,,,,,,,,,,,,,,,,,,,,,,,,,,,
,,,,,,,,,,,,,,,,,,,,,,,,,,,,,,,,,,,,,,,,,,,,,,,,,,,,,,,,,,,,,,,,,,,,,,,,,,,,,,,,,,,,,,,,,,,,,,,,,,,,,,,,,,,,,,,,,,,,,,,,,,,,,,,,,,,,,,,,,,,,,,,,,,
07-06-19 12:24,Female,25,2,4,3,2,1,4,1,5,1,3,2,3,1,4,1,4,1,4,1,4,1,5,1,4,1,4,2,3,3,2,4,1,1,2,3,3,1,1,2,1,2,2,3,1,1,2,2,2,1,2,2,2,1,1,2,2,1,1,2,2,3,2,4,1,1,4,2,3,2,2,2,2,,,,,,,,,,,,,,,,,,,,,,,,,,,,,,,,,,,,,,,,,,,,,,,,,,,,,,,,,,,,,,,,,,,,,,,,
07-06-19 12:26,Male,25,,,,,,,,,,,,,,,,,,,,,,,,,,,,,,,,,,,,,,,,,,,,,,,,,,,,,,,,,,,,,,,,,,,,,,,,,2,2,1,3,1,4,1,3,1,3,2,4,4,3,3,2,1,4,2,4,3,4,3,3,3,3,4,3,2,2,3,2,1,3,1,3,2,3,2,4,2,3,2,3,4,3,4,2,3,1,4,2,3,4,2,3,2,3,2,3,3,2,3,2,4,5,1,4,4,3,2,3
07-06-19 12:39,Female,25,1,1,1,1,1,4,1,5,1,2,4,2,1,3,1,5,1,3,2,5,1,5,1,1,1,3,1,1,1,1,4,1,1,1,5,1,1,1,3,1,1,1,3,1,1,1,2,1,1,1,3,1,1,1,4,1,1,1,4,1,3,1,5,1,1,3,1,5,2,1,2,1,,,,,,,,,,,,,,,,,,,,,,,,,,,,,,,,,,,,,,,,,,,,,,,,,,,,,,,,,,,,,,,,,,,,,,,,
07-06-19 12:42,Female,22,1,1,2,1,1,3,2,3,2,2,3,2,2,2,3,2,1,2,1,1,1,2,1,2,1,1,1,1,1,1,1,1,1,1,1,1,3,1,4,1,1,1,3,1,1,2,3,1,1,2,2,1,3,1,4,2,2,2,3,1,2,1,3,1,1,1,1,1,3,2,2,1,,,,,,,,,,,,,,,,,,,,,,,,,,,,,,,,,,,,,,,,,,,,,,,,,,,,,,,,,,,,,,,,,,,,,,,,
07-06-19 13:20,Female,23,3,3,4,2,4,4,3,3,2,4,4,4,2,3,3,4,2,3,3,3,3,3,3,3,2,3,3,3,3,3,3,3,3,3,4,4,3,3,3,3,3,3,4,3,3,3,3,3,3,4,3,3,4,2,4,2,3,3,4,4,4,3,3,3,3,3,4,3,3,3,4,4,,,,,,,,,,,,,,,,,,,,,,,,,,,,,,,,,,,,,,,,,,,,,,,,,,,,,,,,,,,,,,,,,,,,,,,,
07-06-19 13:59,Male,24,,,,,,,,,,,,,,,,,,,,,,,,,,,,,,,,,,,,,,,,,,,,,,,,,,,,,,,,,,,,,,,,,,,,,,,,,2,2,3,2,2,5,3,4,2,4,2,3,3,4,2,2,2,4,3,4,4,4,3,3,2,4,3,2,4,2,3,2,2,3,2,2,2,4,3,3,2,3,4,2,3,2,3,1,3,2,3,1,2,4,3,3,2,3,3,2,1,4,3,2,3,5,3,2,3,3,3,2
07-06-19 14:13,Female,23,1,1,1,1,1,3,2,1,1,1,2,1,2,3,3,2,1,3,2,1,2,2,2,1,1,2,1,1,2,1,2,1,1,1,2,1,1,1,2,1,1,1,2,1,3,2,2,2,1,1,2,1,1,1,3,1,1,1,2,1,2,2,3,1,1,3,2,3,2,1,2,1,,,,,,,,,,,,,,,,,,,,,,,,,,,,,,,,,,,,,,,,,,,,,,,,,,,,,,,,,,,,,,,,,,,,,,,,
07-06-19 15:43,Male,24,,,,,,,,,,,,,,,,,,,,,,,,,,,,,,,,,,,,,,,,,,,,,,,,,,,,,,,,,,,,,,,,,,,,,,,,,2,1,2,2,2,5,1,5,1,3,1,4,2,3,4,2,2,4,2,4,2,4,3,4,2,3,4,2,1,1,3,1,1,2,1,3,2,3,4,3,4,3,4,2,3,2,2,2,3,1,2,1,2,4,2,4,2,3,4,2,3,4,2,4,3,5,2,5,3,4,2,4
07-06-19 16:10,Male,27,,,,,,,,,,,,,,,,,,,,,,,,,,,,,,,,,,,,,,,,,,,,,,,,,,,,,,,,,,,,,,,,,,,,,,,,,1,1,1,1,1,4,1,4,1,1,1,1,2,3,2,1,1,3,1,2,3,3,2,2,1,1,1,1,1,1,1,1,1,1,1,1,1,1,1,1,1,1,1,1,4,1,3,1,1,1,1,1,1,1,1,1,1,1,1,1,3,2,2,1,1,4,1,4,4,4,2,3
07-06-19 17:09,Female,28,2,4,2,4,1,4,2,5,2,4,4,4,3,5,4,4,1,4,2,3,2,4,3,3,2,3,2,2,4,3,4,2,3,3,4,2,3,1,4,1,2,3,4,1,4,3,4,2,4,4,4,2,3,2,2,2,3,2,2,2,3,3,3,2,2,4,2,2,3,3,3,3,,,,,,,,,,,,,,,,,,,,,,,,,,,,,,,,,,,,,,,,,,,,,,,,,,,,,,,,,,,,,,,,,,,,,,,,
07-06-19 18:56,Male,26,,,,,,,,,,,,,,,,,,,,,,,,,,,,,,,,,,,,,,,,,,,,,,,,,,,,,,,,,,,,,,,,,,,,,,,,,4,1,3,3,3,5,1,4,1,4,1,4,3,4,3,2,1,5,1,4,2,4,1,4,3,4,4,2,3,2,3,1,1,1,1,3,1,1,1,2,1,2,1,2,4,2,5,1,3,1,3,1,1,4,1,5,2,3,1,4,2,4,1,4,1,5,1,4,3,3,2,1
07-07-19 12:07,Female,24,4,2,2,3,1,2,2,2,3,2,3,4,1,1,1,1,2,2,3,2,2,2,2,4,3,2,3,3,2,3,2,4,2,2,2,2,3,2,2,3,5,3,3,1,3,3,2,4,2,2,4,3,2,2,3,2,1,1,2,1,5,4,3,1,1,1,1,1,2,2,3,2,,,,,,,,,,,,,,,,,,,,,,,,,,,,,,,,,,,,,,,,,,,,,,,,,,,,,,,,,,,,,,,,,,,,,,,,
07-07-19 12:47,Female,24,3,3,3,1,3,3,3,1,4,3,3,1,4,4,3,1,3,4,3,2,3,3,3,1,3,4,3,1,3,2,3,1,4,2,3,1,3,2,3,1,3,2,3,1,4,3,3,1,4,3,3,1,3,2,3,1,3,2,3,1,4,3,3,1,3,3,3,1,3,3,3,1,,,,,,,,,,,,,,,,,,,,,,,,,,,,,,,,,,,,,,,,,,,,,,,,,,,,,,,,,,,,,,,,,,,,,,,,
07-07-19 17:43,Male,23,,,,,,,,,,,,,,,,,,,,,,,,,,,,,,,,,,,,,,,,,,,,,,,,,,,,,,,,,,,,,,,,,,,,,,,,,2,1,1,1,2,5,1,2,1,3,1,3,2,3,2,2,1,3,2,2,2,3,2,2,2,4,2,3,2,2,1,2,1,1,1,1,1,2,2,2,2,2,2,3,2,2,2,2,1,1,4,1,1,3,2,2,1,2,2,2,1,3,1,2,2,4,1,3,1,3,1,3
07-08-19 10:12,Male,25,,,,,,,,,,,,,,,,,,,,,,,,,,,,,,,,,,,,,,,,,,,,,,,,,,,,,,,,,,,,,,,,,,,,,,,,,3,1,3,3,3,5,3,4,2,3,2,4,2,3,3,3,3,5,3,5,3,5,3,4,2,2,3,3,2,2,3,2,1,2,2,3,3,3,3,3,2,3,3,2,4,2,4,1,2,1,4,1,3,4,3,2,2,3,2,2,2,4,3,2,2,5,3,4,4,3,4,2
07-09-19 15:51,Male,25,,,,,,,,,,,,,,,,,,,,,,,,,,,,,,,,,,,,,,,,,,,,,,,,,,,,,,,,,,,,,,,,,,,,,,,,,3,1,2,1,1,5,1,3,1,4,1,4,2,4,2,1,1,5,1,3,3,4,2,1,1,3,2,2,2,2,3,1,1,1,1,3,1,3,2,3,1,3,2,3,5,3,4,1,4,1,4,1,1,3,3,2,2,3,1,2,1,3,2,2,1,5,2,2,2,4,2,1
07-09-19 23:16,Male,28,,,,,,,,,,,,,,,,,,,,,,,,,,,,,,,,,,,,,,,,,,,,,,,,,,,,,,,,,,,,,,,,,,,,,,,,,2,2,3,3,1,5,3,3,2,2,3,3,1,2,2,2,1,3,2,3,2,5,3,2,1,1,2,2,3,1,3,1,2,2,3,2,2,2,3,2,3,3,4,1,2,2,3,1,2,1,3,1,2,4,3,2,3,3,3,1,2,4,3,4,1,5,2,4,2,4,3,2
07-10-19 8:19,Male,33,,,,,,,,,,,,,,,,,,,,,,,,,,,,,,,,,,,,,,,,,,,,,,,,,,,,,,,,,,,,,,,,,,,,,,,,,1,2,2,4,1,5,2,5,1,4,2,5,1,4,2,4,1,4,2,4,1,4,2,4,1,4,2,4,1,3,2,3,1,2,2,3,1,2,2,3,1,2,2,3,1,3,2,3,1,2,2,2,1,3,2,3,1,3,2,3,1,3,2,3,1,4,2,4,1,4,2,4
7/13/2019 18:28:09,Female,23,2,1,3,1,2,3,3,4,3,4,4,4,2,4,3,4,3,4,4,2,2,4,3,4,1,2,2,3,2,2,2,3,3,2,3,3,2,2,2,3,3,4,2,2,2,2,2,3,2,2,2,3,2,2,3,4,2,2,3,3,2,2,2,2,2,4,3,4,2,3,3,4,,,,,,,,,,,,,,,,,,,,,,,,,,,,,,,,,,,,,,,,,,,,,,,,,,,,,,,,,,,,,,,,,,,,,,,,
7/14/2019 12:27:11,Female,24,1,1,1,1,1,3,1,3,2,3,3,2,2,3,3,1,1,3,2,3,1,3,2,3,1,2,3,1,2,1,3,1,1,1,2,3,1,1,2,1,3,1,3,1,2,2,3,1,2,1,3,1,1,1,2,2,1,1,1,1,2,1,3,1,1,3,2,3,1,1,2,3,,,,,,,,,,,,,,,,,,,,,,,,,,,,,,,,,,,,,,,,,,,,,,,,,,,,,,,,,,,,,,,,,,,,,,,,
7/14/2019 12:34:31,Female,25,2,3,3,3,1,4,3,4,2,3,3,4,2,3,3,4,1,3,2,4,3,3,4,2,3,3,3,4,3,3,3,2,3,3,3,3,3,2,4,2,2,3,4,3,4,3,4,3,4,3,4,3,3,3,4,2,3,2,4,2,4,3,4,3,2,4,3,4,4,2,4,2,,,,,,,,,,,,,,,,,,,,,,,,,,,,,,,,,,,,,,,,,,,,,,,,,,,,,,,,,,,,,,,,,,,,,,,,
7/14/2019 15:51:22,Male,22,,,,,,,,,,,,,,,,,,,,,,,,,,,,,,,,,,,,,,,,,,,,,,,,,,,,,,,,,,,,,,,,,,,,,,,,,2,2,3,4,2,5,2,5,2,4,3,5,2,3,3,5,2,5,3,5,3,5,3,5,2,3,4,3,4,3,4,2,1,3,2,3,3,3,2,4,3,3,2,3,3,3,3,2,3,2,4,1,3,4,4,4,3,4,2,4,2,4,2,4,2,5,3,5,3,5,4,4
7/14/2019 16:08:10,Female,21,2,2,3,2,1,3,2,4,3,3,3,3,1,4,3,5,3,3,3,3,1,3,3,3,3,1,3,2,4,2,4,2,1,1,2,1,1,1,3,1,4,2,4,1,5,2,4,2,3,1,3,1,1,1,2,1,2,1,3,1,5,2,4,1,1,4,3,4,3,1,3,1,,,,,,,,,,,,,,,,,,,,,,,,,,,,,,,,,,,,,,,,,,,,,,,,,,,,,,,,,,,,,,,,,,,,,,,,
7/14/2019 16:15:44,Female,22,2,1,3,2,2,3,4,3,1,1,2,2,1,3,2,2,1,3,3,2,1,4,3,3,3,3,3,2,3,2,3,1,1,1,2,2,2,1,3,1,3,2,3,1,1,2,2,1,1,1,2,1,2,1,3,2,1,1,1,1,2,1,2,2,3,3,3,3,2,2,3,2,,,,,,,,,,,,,,,,,,,,,,,,,,,,,,,,,,,,,,,,,,,,,,,,,,,,,,,,,,,,,,,,,,,,,,,,
7/14/2019 16:48:23,Male,21,,,,,,,,,,,,,,,,,,,,,,,,,,,,,,,,,,,,,,,,,,,,,,,,,,,,,,,,,,,,,,,,,,,,,,,,,4,2,3,2,1,5,3,4,1,3,3,2,1,4,3,4,2,5,3,5,1,5,3,4,1,2,3,1,5,3,3,2,2,2,3,2,5,4,3,3,2,2,2,2,5,4,4,3,5,2,3,3,5,5,4,2,1,2,2,2,2,3,3,2,5,5,3,4,1,5,3,3
7/14/2019 23:19:12,Female,21,1,1,2,3,1,4,1,3,2,4,1,3,1,4,1,3,1,3,1,3,1,5,2,3,1,1,1,3,1,1,1,3,1,1,1,3,1,1,1,3,1,1,2,3,1,3,2,3,1,1,1,3,1,1,1,3,1,1,1,3,1,2,1,3,1,5,1,3,1,2,1,3,,,,,,,,,,,,,,,,,,,,,,,,,,,,,,,,,,,,,,,,,,,,,,,,,,,,,,,,,,,,,,,,,,,,,,,,
7/14/2019 23:32:34,Male,21,,,,,,,,,,,,,,,,,,,,,,,,,,,,,,,,,,,,,,,,,,,,,,,,,,,,,,,,,,,,,,,,,,,,,,,,,1,1,3,1,2,4,2,3,1,2,3,3,4,4,2,1,2,4,3,2,4,4,2,1,1,2,3,1,1,1,2,1,2,2,3,2,1,2,2,1,1,1,3,1,5,2,3,1,2,1,2,1,5,3,2,2,3,2,4,1,3,3,3,1,2,5,2,2,4,4,4,1
7/15/2019 9:43:15,Female,28,3,3,2,1,1,5,3,5,1,1,1,1,1,3,1,3,1,1,1,3,1,5,3,4,1,1,1,2,3,1,3,1,1,1,2,3,1,2,2,2,1,2,2,3,1,1,2,2,1,1,2,3,1,1,2,3,1,2,2,2,1,1,2,3,1,1,2,3,1,2,2,3,,,,,,,,,,,,,,,,,,,,,,,,,,,,,,,,,,,,,,,,,,,,,,,,,,,,,,,,,,,,,,,,,,,,,,,,
7/15/2019 18:13:51,Male,24,,,,,,,,,,,,,,,,,,,,,,,,,,,,,,,,,,,,,,,,,,,,,,,,,,,,,,,,,,,,,,,,,,,,,,,,,2,1,3,1,3,4,2,4,1,2,1,3,1,3,1,2,2,3,2,3,2,3,1,3,2,2,2,3,3,1,3,1,1,1,1,1,2,2,3,1,1,1,1,1,4,3,3,2,2,1,3,1,1,4,2,3,1,1,1,1,1,2,1,1,1,5,1,4,2,2,2,2
7/25/2019 13:20:44,Male,25,,,,,,,,,,,,,,,,,,,,,,,,,,,,,,,,,,,,,,,,,,,,,,,,,,,,,,,,,,,,,,,,,,,,,,,,,1,1,3,1,3,5,3,4,2,3,2,5,4,3,4,2,2,4,4,3,5,5,5,3,2,3,3,2,1,1,2,1,1,1,1,1,1,1,2,1,1,1,1,1,3,1,4,1,3,1,4,1,2,2,3,2,2,2,3,2,2,3,2,2,4,3,4,3,3,2,3,3
7/28/2019 0:45:06,Male,60,,,,,,,,,,,,,,,,,,,,,,,,,,,,,,,,,,,,,,,,,,,,,,,,,,,,,,,,,,,,,,,,,,,,,,,,,3,1,3,2,3,5,3,4,2,4,3,3,4,3,3,2,1,4,3,4,1,5,3,4,2,3,3,3,5,3,4,2,1,1,1,1,4,3,3,1,2,3,3,2,4,3,4,1,4,1,3,1,4,5,3,4,1,3,2,2,4,5,3,2,3,5,3,4,2,4,3,3
